event,start,end,source
ramadan,2022-04-02,2022-05-01,estimate - confirm with DCT
ramadan,2023-03-23,2023-04-20,estimate - confirm with DCT
ramadan,2024-03-11,2024-04-09,estimate - confirm with DCT
ramadan,2025-03-01,2025-03-30,estimate - confirm with DCT
ramadan,2026-02-18,2026-03-19,estimate - confirm with DCT
eid,2022-05-02,2022-05-04,estimate - confirm with DCT
eid,2023-04-21,2023-04-23,estimate - confirm with DCT
eid,2024-04-10,2024-04-12,estimate - confirm with DCT
eid,2025-03-31,2025-04-02,estimate - confirm with DCT
eid,2026-03-20,2026-03-22,estimate - confirm with DCT
eid,2022-07-09,2022-07-11,estimate - confirm with DCT
eid,2023-06-28,2023-06-30,estimate - confirm with DCT
eid,2024-06-16,2024-06-18,estimate - confirm with DCT
eid,2025-06-06,2025-06-08,estimate - confirm with DCT
f1_weekend,2022-11-18,2022-11-20,estimate - confirm with DCT
f1_weekend,2023-11-24,2023-11-26,estimate - confirm with DCT
f1_weekend,2024-12-06,2024-12-08,estimate - confirm with DCT
f1_weekend,2025-12-05,2025-12-07,estimate - confirm with DCT
national_day,2022-12-02,2022-12-03,estimate - confirm with DCT
national_day,2023-12-02,2023-12-03,estimate - confirm with DCT
national_day,2024-12-02,2024-12-03,estimate - confirm with DCT
national_day,2025-12-02,2025-12-03,estimate - confirm with DCT
chinese_new_year,2022-01-31,2022-02-06,estimate - confirm with DCT
chinese_new_year,2023-01-21,2023-01-27,estimate - confirm with DCT
chinese_new_year,2024-02-10,2024-02-16,estimate - confirm with DCT
chinese_new_year,2025-01-29,2025-02-04,estimate - confirm with DCT
chinese_new_year,2026-02-17,2026-02-23,estimate - confirm with DCT
diwali,2022-10-24,2022-10-26,estimate - confirm with DCT
diwali,2023-11-12,2023-11-14,estimate - confirm with DCT
diwali,2024-10-31,2024-11-02,estimate - confirm with DCT
diwali,2025-10-20,2025-10-22,estimate - confirm with DCT
uk_half_term,2023-02-13,2023-02-17,estimate - confirm with DCT
uk_half_term,2023-10-23,2023-10-27,estimate - confirm with DCT
uk_half_term,2024-02-12,2024-02-16,estimate - confirm with DCT
uk_half_term,2024-10-28,2024-11-01,estimate - confirm with DCT
uk_half_term,2025-02-17,2025-02-21,estimate - confirm with DCT
uk_half_term,2025-10-27,2025-10-31,estimate - confirm with DCT
uk_half_term,2026-02-16,2026-02-20,estimate - confirm with DCT
